"","SAR","Infections","Reff_1","Reff_2","n"
"1",0.108341415823295,0,0.923008059661135,1.84601611932227,0
"2",0.118186676156009,0.0000998017970519349,0.846119065638144,1.69223813127629,100
"3",0.127770993186577,0.000199227521578083,0.782650251876615,1.56530050375323,200
"4",0.137064795866546,0.000298303699943991,0.729581942378301,1.4591638847566,300
"5",0.146058319670918,0.000397052516796004,0.684658020339468,1.36931604067894,400
"6",0.154755700921654,0.000495492757684568,0.646179749142977,1.29235949828595,500
"7",0.163170029432915,0.000593640518622429,0.612857645166471,1.22571529033294,600
"8",0.171319540391354,0.000691509744552232,0.583704577840712,1.16740915568142,700
"9",0.179224878407661,0.000789112641449985,0.557958252718366,1.11591650543673,800
"10",0.186907253291757,0.000886459994479449,0.535024715407394,1.07004943081479,900
"11",0.194387279360379,0.000983561415825673,0.514436954563305,1.02887390912661,1000
"12",0.201684307324497,0.00108042553951448,0.495824396684997,0.991648793369993,1100
"13",0.208816092957014,0.00117706017596508,0.478890293290688,0.957780586581376,1200
"14",0.215798684570701,0.00127347243572884,0.463394854324228,0.926789708648456,1300
"15",0.222646444721301,0.0013696688294571,0.449142586243295,0.89828517248659,1400
"16",0.229372148129158,0.00146565534938969,0.435972722999004,0.871945445998008,1500
"17",0.235987117629113,0.00156143753635674,0.423751944617435,0.84750388923487,1600
"18",0.242501374050479,0.00165702053533578,0.412368797461676,0.824737594923352,1700
"19",0.24892378557786,0.00175240914189212,0.401729387843981,0.803458775687961,1800
"20",0.255262208531928,0.00184760784129911,0.391754034312886,0.783508068625771,1900
"21",0.261523615599788,0.00194262084173524,0.382374646246215,0.764749292492431,2000
"22",0.267714210067036,0.00203745210265105,0.373532656241744,0.747065312483487,2100
"23",0.273839526085778,0.00213210535916897,0.365177377529772,0.730354755059545,2200
"24",0.27990451582331,0.00222658414319898,0.357264689731283,0.714529379462566,2300
"25",0.285913624725561,0.00232089180182027,0.349755979960685,0.69951195992137,2400
"26",0.291870856263942,0.00241503151336775,0.34261728382216,0.68523456764432,2500
"27",0.297779827522028,0.00250900630158402,0.335818583925409,0.671637167850818,2600
"28",0.303643816887681,0.00260281904812609,0.329333233342244,0.658666466684487,2700
"29",0.309465804989209,0.00269647250366967,0.32313747880315,0.646274957606299,2800
"30",0.31524850987578,0.00278996929780773,0.317210064020299,0.634420128040597,2900
"31",0.32099441730687,0.00288331194791003,0.311531897778771,0.623063795557542,3000
"32",0.32670580689035,0.00297650286708029,0.306085774696873,0.612171549393747,3100
"33",0.332384774697156,0.00306954437132856,0.300856139066876,0.601712278133753,3200
"34",0.33803325288308,0.0031624386860567,0.295828884132261,0.591657768264522,3300
"35",0.343653026764699,0.00325518795193991,0.29099118067268,0.581982361345361,3400
"36",0.349245749725457,0.00334779423027698,0.286331329954939,0.572662659909879,3500
"37",0.35481295626813,0.0034402595078693,0.281838637043543,0.563677274087085,3600
"38",0.360356073479714,0.00353258570148207,0.277503301205299,0.555006602410598,3700
"39",0.365876431132818,0.00362477466193212,0.27331632073261,0.54663264146522,3800
"40",0.371375270612635,0.00371682817784491,0.26926940998262,0.53853881996524,3900
"41",0.376853752829307,0.00380874797911102,0.265354926809749,0.530709853619497,4000
"42",0.382312965251143,0.00390053574007621,0.261565808876791,0.523131617753583,4100
"43",0.387753928173735,0.00399219308248877,0.257895517579888,0.515791035159776,4200
"44",0.393177600323013,0.00408372157822989,0.254337988526929,0.508675977053859,4300
"45",0.398584883875971,0.00417512275184528,0.2508875876766,0.5017751753532,4400
"46",0.403976628970803,0.00426639808289786,0.247539072383387,0.495078144766773,4500
"47",0.409353637768094,0.00435754900815744,0.244287556708246,0.488575113416492,4600
"48",0.414716668116195,0.00444857692364198,0.24112848044965,0.482256960899301,4700
"49",0.420066436866675,0.00453948318652286,0.238057581429051,0.476115162858103,4800
"50",0.425403622879658,0.00463026911690534,0.235070870631228,0.470141741262457,4900
"51",0.430728869753603,0.00472093599949597,0.232164609855858,0.464329219711717,5000
"52",0.436042788309682,0.00481148508516505,0.229335291583768,0.458670583167535,5100
"53",0.441345958857084,0.00490191759241299,0.226579620801245,0.45315924160249,5200
"54",0.446638933262306,0.0049922347087481,0.223894498559692,0.447788997119385,5300
"55",0.451922236842713,0.00508243759198235,0.221277007076782,0.442554014153563,5400
"56",0.457196370102185,0.00517252737145169,0.218724396209991,0.437448792419982,5500
"57",0.462461810324612,0.00526250514916682,0.216234071154562,0.432468142309125,5600
"58",0.467719013039164,0.00535237200089855,0.213803581236127,0.427607162472254,5700
"59",0.472968413369663,0.00544212897720331,0.211430609683953,0.422861219367907,5800
"60",0.478210427279051,0.0055317771043929,0.209112964284333,0.418225928568666,5900
"61",0.483445452718707,0.00562131738545213,0.206848568825375,0.41369713765075,6000
"62",0.48867387069132,0.00571075080090799,0.204635455254711,0.409270910509422,6100
"63",0.493896046235113,0.00580007830965368,0.202471756480505,0.40494351296101,6200
"64",0.499112329336392,0.00588930084973061,0.200355699753916,0.400711399507833,6300
"65",0.504323055776658,0.00597841933907095,0.198285600577986,0.396571201155973,6400
"66",0.509528547919928,0.00606743467620341,0.196259857093846,0.392519714187692,6500
"67",0.514729115445306,0.00615634774092433,0.194276944900401,0.388553889800802,6600
"68",0.519925056029376,0.00624515939493631,0.192335412268244,0.384670824536489,6700
"69",0.525116655982533,0.00633387048245726,0.190433875712612,0.380867751425223,6800
"70",0.530304190842995,0.00642248183079985,0.188571015893794,0.377142031787588,6900
"71",0.535487925931846,0.00651099425092494,0.186745573816593,0.373491147633186,7000
"72",0.540668116872203,0.00659940853796925,0.184956347303233,0.369912694606466,7100
"73",0.54584501007527,0.00668772547175023,0.183202187716638,0.366404375433277,7200
"74",0.551018843195828,0.00677594581724705,0.181481996913236,0.362963993826472,7300
"75",0.556189845559451,0.00686407032506209,0.179794724406401,0.359589448812801,7400
"76",0.561358238563574,0.00695209973186128,0.178139364723468,0.356278729446936,7500
"77",0.566524236054311,0.0070400347607964,0.176514954940804,0.353029909881607,7600
"78",0.571688044680809,0.0071278761219089,0.174920572382851,0.349841144765702,7700
"79",0.576849864228718,0.00721562451251778,0.173355332472351,0.346710664944702,7800
"80",0.582009887934283,0.00730328061759067,0.171818386720075,0.343636773440149,7900
"81",0.587168302780386,0.00739084511010035,0.170308920843437,0.340617841686874,8000
"82",0.592325289775799,0.00747831865136672,0.168826153004291,0.337652306008582,8100
"83",0.597481024218784,0.00756570189138517,0.167369332157036,0.334738664314073,8200
"84",0.602635675946099,0.00765299546914244,0.165937736498933,0.331875472997866,8300
"85",0.607789409568374,0.00774020001291975,0.16453067201519,0.32906134403038,8400
"86",0.61294238469276,0.00782731614058463,0.163147471112029,0.326294942224057,8500
"87",0.618094756133678,0.00791434445987127,0.161787491331463,0.323574982662925,8600
"88",0.623246674112419,0.00800128556865132,0.160450114142065,0.32090022828413,8700
"89",0.628398284446322,0.00808814005519332,0.159134743800438,0.318269487600875,8800
"90",0.633549728728178,0.00817490849841351,0.157840806278531,0.315681612557062,8900
"91",0.638701144496452,0.00826159146811767,0.156567748252337,0.313135496504674,9000
"92",0.643852665396916,0.00834818952523331,0.155315036147832,0.310630072295664,9100
"93",0.649004421336185,0.00843470322203466,0.154082155240357,0.308164310480714,9200
"94",0.654156538627661,0.00852113310235925,0.152868608803923,0.305737217607845,9300
"95",0.659309140130339,0.00860747970181674,0.151673917307185,0.303347834614369,9400
"96",0.664462345380872,0.00869374354799146,0.150497617653081,0.300995235306162,9500
"97",0.669616270719319,0.00877992516063641,0.149339262459345,0.298678524918689,9600
"98",0.674771029408918,0.00886602505186285,0.148198419377307,0.296396838754614,9700
"99",0.679926731750227,0.00895204372632141,0.147074670446602,0.294149340893205,9800
"100",0.685083485189962,0.00903798168137881,0.145967611483543,0.291935222967086,9900
"101",0.690241394424825,0.00912383940728811,0.144876851501103,0.289753703002207,10000
"102",0.695400561500584,0.00920961738735304,0.143802012158594,0.287604024317188,10100
"103",0.700561085906691,0.0092953160980882,0.142742727239233,0.285485454478467,10200
"104",0.70572306466666,0.00938093600937284,0.141698642153964,0.283397284307928,10300
"105",0.710886592424444,0.00946647758460073,0.140669413469953,0.281338826939906,10400
"106",0.716051761527017,0.00955194128082482,0.139654708462339,0.279309416924678,10500
"107",0.721218662103368,0.00963732754889779,0.138654204687881,0.277308409375762,10600
"108",0.726387382140089,0.00972263683360763,0.13766758957924,0.275335179158479,10700
"109",0.731558007553738,0.0098078695738103,0.136694560058731,0.273389120117462,10800
"110",0.73673062226014,0.00989302620255683,0.135734822170443,0.271469644340886,10900
"111",0.74190530824078,0.00997810714721792,0.134788090729694,0.269576181459388,11000
"112",0.747082145606442,0.0100631128296041,0.133854088988869,0.267708177977738,11100
"113",0.752261212658218,0.0101480436660828,0.132932548318737,0.265865096637473,11200
"114",0.757442585946038,0.0102329000676914,0.1320232079044,0.2640464158088,11300
"115",0.762626340324816,0.0103176824402479,0.131125814455095,0.26225162891019,11400
"116",0.767812549008357,0.0104023911844573,0.130240121927092,0.260480243854185,11500
"117",0.773001283621108,0.0104870266960164,0.129365891259006,0.258731782518011,11600
"118",0.778192614247875,0.010571589365714,0.128502890118856,0.257005780237712,11700
"119",0.783386609481584,0.0106560795795295,0.127650892662279,0.255301785324557,11800
"120",0.788583336469201,0.0107404977187283,0.126809679301289,0.253619358602578,11900
"121",0.793782860955874,0.010824844159955,0.125979036483075,0.251958072966151,12000
"122",0.7989852473274,0.0109091192753227,0.125158756478295,0.250317512956589,12100
"123",0.804190558651067,0.010993323432502,0.124348637178404,0.248697274356809,12200
"124",0.809398856714986,0.0110774569948059,0.123548481901566,0.247096963803133,12300
"125",0.814610202065932,0.0111615203212733,0.1227580992067,0.245516198413401,12400
"126",0.819824654045802,0.0112455137667493,0.121977302715287,0.243954605430573,12500
"127",0.82504227082673,0.0113294376819653,0.121205910940533,0.242411821881067,12600
"128",0.830263109444922,0.0114132924136146,0.120443747123554,0.240887494247108,12700
"129",0.835487225833275,0.011497078304428,0.119690639076217,0.239381278152433,12800
"130",0.840714674852812,0.0115807956932465,0.118946419030342,0.237892838060683,12900
"131",0.845945510323021,0.0116644449150923,0.118210923492951,0.236421846985902,13000
"132",0.851179785051099,0.0117480263012382,0.117483993107281,0.234967986214561,13100
"133",0.856417550860186,0.0118315401792746,0.116765472519287,0.233530945038574,13200
"134",0.861658858616612,0.011914986873176,0.11605521024939,0.232110420498779,13300
"135",0.866903758256202,0.0119983667033652,0.115353058569215,0.230706117138429,13400
"136",0.872152298809677,0.0120816799867751,0.114658873383102,0.229317746766204,13500
"137",0.877404528427199,0.0121649270369106,0.113972514114164,0.227945028228327,13600
"138",0.882660494402073,0.0122481081639081,0.11329384359469,0.22658768718938,13700
"139",0.887920243193665,0.0123312236745929,0.112622727960701,0.225245455921403,13800
"140",0.893183820449551,0.0124142738725372,0.11195903655047,0.223918073100941,13900
"141",0.898451271026931,0.0124972590581147,0.111302641806828,0.222605283613656,14000
"142",0.903722639013347,0.0125801795285548,0.110653419183099,0.221306838366197,14100
"143",0.908997967746712,0.0126630355779956,0.110011247052496,0.220022494104991,14200
"144",0.914277299834707,0.0127458274975356,0.109376006620835,0.21875201324167,14300
"145",0.919560677173534,0.012828555575284,0.10874758184242,0.21749516368484,14400
"146",0.924848140966087,0.0129112200964098,0.108125859338962,0.216251718677925,14500
"147",0.930139731739533,0.0129938213431905,0.107510728321412,0.215021456642824,14600
"148",0.935435489362346,0.0130763595950585,0.10690208051457,0.213804161029141,14700
"149",0.940735453060803,0.0131588351286475,0.106299810084373,0.212599620168746,14800
"150",0.946039661434967,0.0132412482178371,0.10570381356773,0.21140762713546,14900
"151",0.951348152474177,0.0133235991337975,0.105113989804815,0.21022797960963,15000
"152",0.95666096357206,0.0134058881450317,0.104530239873708,0.209060479747416,15100
"153",0.961978131541088,0.0134881155174178,0.103952467027291,0.207904934054582,15200
"154",0.967299692626685,0.0135702815142501,0.103380576632307,0.206761153264614,15300
"155",0.972625682520921,0.0136523863962797,0.102814476110494,0.205628952220988,15400
"156",0.977956136375784,0.0137344304217536,0.102254074881713,0.204508149763426,15500
"157",0.983291088816064,0.0138164138464529,0.101699284308989,0.203398568617977,15600
"158",0.988630573951853,0.0138983369237311,0.101150017645388,0.202300035290776,15700
"159",0.993974625390678,0.0139801999045505,0.100606189982662,0.201212379965324,15800
"160",0.999323276249277,0.0140620030375187,0.100067718201588,0.200135436403175,15900
"161",1.00467655916504,0.0141437465689239,0.0995345209239355,0.199069041847871,16000
"162",1.0100345063071,0.0142254307427696,0.0990065184660085,0.198013036932017,16100
"163",1.01539714938716,0.0143070558008079,0.0984836327936856,0.196967265587371,16200
"164",1.02076451966991,0.014388621982574,0.0979657874789162,0.195931574957832,16300
"165",1.02613664798326,0.0144701295254172,0.0974529076576084,0.194905815315217,16400
"166",1.03151356472821,0.0145515786645342,0.0969449199888598,0.19388983997772,16500
"167",1.03689529988849,0.0146329696329993,0.09644175261548,0.19288350523096,16600
"168",1.04228188303989,0.0147143026617959,0.0959433351257561,0.191886670251512,16700
"169",1.04767334335933,0.0147955779798455,0.0954495985164164,0.190899197032833,16800
"170",1.05306970963377,0.0148767958140384,0.0949604751567469,0.189920950313494,16900
"171",1.05847101026872,0.0149579563892611,0.0944758987538191,0.188951797507638,17000
"172",1.06387727329667,0.0150390599284258,0.0939958043187881,0.187991608637576,17100
"173",1.06928852638522,0.0151201066524971,0.0935201281342231,0.187040256268446,17200
"174",1.07470479684494,0.0152010967805201,0.093048807722432,0.186097615444864,17300
"175",1.08012611163715,0.0152820305296464,0.0925817818147451,0.18516356362949,17400
"176",1.0855524973814,0.0153629081151606,0.0921189903217236,0.184237980643447,17500
"177",1.09098398036273,0.0154437297505058,0.0916603743042607,0.183320748608521,17600
"178",1.09642058653884,0.0155244956473084,0.0912058759455425,0.182411751891085,17700
"179",1.10186234154696,0.0156052060154038,0.0907554385238403,0.181510877047681,17800
"180",1.10730927071066,0.0156858610628596,0.0903090063861032,0.180618012772206,17900
"181",1.11276139904634,0.0157664609959995,0.089866524922326,0.179733049844652,18000
"182",1.11821875126969,0.0158470060194275,0.0894279405406632,0.178855881081326,18100
"183",1.12368135180189,0.0159274963360494,0.0889932006432642,0.177986401286528,18200
"184",1.12914922477572,0.0160079321470966,0.0885622536028067,0.177124507205613,18300
"185",1.13462239404145,0.0160883136521474,0.0881350487397014,0.176270097479403,18400
"186",1.14010088317263,0.0161686410491487,0.0877115362999493,0.175423072599899,18500
"187",1.1455847154717,0.0162489145344377,0.0872916674336255,0.174583334867251,18600
"188",1.15107391397551,0.0163291343027623,0.0868753941739726,0.173750788347945,18700
"189",1.15656850146065,0.0164093005473017,0.08646266941708,0.17292533883416,18800
"190",1.16206850044867,0.016489413459687,0.0860534469021324,0.172106893804265,18900
"191",1.16757393321116,0.0165694732300204,0.0856476811922068,0.171295362384414,19000
"192",1.17308482177474,0.0166494800468951,0.0852453276556012,0.170490655311202,19100
"193",1.17860118792589,0.0167294340974138,0.0848463424476777,0.169692684895355,19200
"194",1.1841230532157,0.0168093355672081,0.0844506824932021,0.168901364986404,19300
"195",1.18965043896443,0.0168891846404567,0.0840583054691663,0.168116610938333,19400
"196",1.19518336626608,0.0169689814999034,0.0836691697880751,0.16733833957615,19500
"197",1.20072185599275,0.0170487263268753,0.083283234581685,0.16656646916337,19600
"198",1.20626592879891,0.0171284193012995,0.0829004596851798,0.16580091937036,19700
"199",1.21181560512565,0.0172080606017211,0.0825208056217686,0.165041611243537,19800
"200",1.21737090520473,0.0172876504053198,0.0821442335876939,0.164288467175388,19900
"201",1.22293184906258,0.0173671888879267,0.0817707054376362,0.163541410875272,20000
"202",1.2284984565242,0.0174466762240402,0.0814001836705035,0.162800367341007,20100
"203",1.234070747217,0.0175261125868426,0.0810326314155928,0.162065262831186,20200
"204",1.23964874057448,0.0176054981482155,0.0806680124191133,0.161336024838227,20300
"205",1.24523245583991,0.0176848330787557,0.0803062910310589,0.160612582062118,20400
"206",1.25082191206987,0.0177641175477902,0.0799474321924206,0.159894864384841,20500
"207",1.25641712813773,0.0178433517233912,0.0795914014227274,0.159182802845455,20600
"208",1.26201812273701,0.0179225357723914,0.0792381648079064,0.158476329615813,20700
"209",1.26762491438478,0.018001669860398,0.0788876889884526,0.157775377976905,20800
"210",1.27323752142481,0.0180807541518069,0.0785399411478982,0.157079882295796,20900
"211",1.27885596203081,0.0181597888098175,0.0781948890015735,0.156389778003147,21000
"212",1.28448025420953,0.0182387739964459,0.0778525007856503,0.155705001571301,21100
"213",1.29011041580375,0.0183177098725389,0.0775127452464594,0.155025490492919,21200
"214",1.29574646449528,0.0183965965977873,0.0771755916300739,0.154351183260148,21300
"215",1.30138841780786,0.0184754343307389,0.0768410096721514,0.153682019344303,21400
"216",1.30703629311,0.018554223228812,0.0765089695880264,0.153017939176053,21500
"217",1.31269010761774,0.0186329634483076,0.0761794420630465,0.152358884126093,21600
"218",1.31834987839738,0.0187116551444224,0.0758523982431449,0.15170479648629,21700
"219",1.32401562236815,0.0187902984712612,0.0755278097256425,0.151055619451285,21800
"220",1.32968735630479,0.018868893581849,0.0752056485502731,0.150411297100546,21900
"221",1.33536509684011,0.0189474406281428,0.0748858871904257,0.149771774380851,22000
"222",1.34104886046746,0.0190259397610437,0.0745684985445961,0.149136997089192,22100
"223",1.34673866354321,0.0191043911304087,0.0742534559280448,0.14850691185609,22200
"224",1.35243452228912,0.019182794885062,0.0739407330646522,0.147881466129304,22300
"225",1.35813645279464,0.019261151172806,0.073630304078968,0.147260608157936,22400
"226",1.36384447101926,0.0193394601404328,0.0733221434884478,0.146644286976896,22500
"227",1.36955859279471,0.0194177219337353,0.0730162261958731,0.146032452391746,22600
"228",1.37527883382718,0.0194959366975175,0.0727125274819481,0.145425054963896,22700
"229",1.38100520969944,0.0195741045756056,0.0724110229980694,0.144822045996139,22800
"230",1.38673773587299,0.0196522257108583,0.0721116887592643,0.144223377518529,22900
"231",1.39247642769008,0.0197303002451772,0.0718145011372911,0.143629002274582,23000
"232",1.39822130037574,0.0198083283195166,0.0715194368538997,0.143038873707799,23100
"233",1.40397236903978,0.0198863100738942,0.071226472974246,0.142452945948492,23200
"234",1.40972964867872,0.0199642456474005,0.0709355869004571,0.141871173800914,23300
"235",1.41549315417767,0.0200421351782084,0.0706467563653425,0.141293512730685,23400
"236",1.42126290031223,0.0201199788035835,0.070359959426248,0.140719918852496,23500
"237",1.42703890175028,0.0201977766598928,0.0700751744590484,0.140150348918097,23600
"238",1.4328211730538,0.0202755288826143,0.0697923801522752,0.13958476030455,23700
"239",1.4386097286806,0.0203532356063465,0.0695115555013753,0.139023111002751,23800
"240",1.44440458298604,0.0204308969648168,0.0692326798030981,0.138465359606196,23900
"241",1.45020575022474,0.0205085130908912,0.0689557326500071,0.137911465300014,24000
"242",1.4560132445522,0.0205860841165824,0.0686806939251127,0.137361387850225,24100
"243",1.46182708002646,0.0206636101730588,0.0684075437966234,0.136815087593247,24200
"244",1.46764727060964,0.0207410913906533,0.0681362627128123,0.136272525425625,24300
"245",1.47347383016953,0.0208185278988713,0.0678668313969949,0.13573366279399,24400
"246",1.47930677248114,0.020895919826399,0.0675992308426176,0.135198461685235,24500
"247",1.48514611122813,0.0209732673011124,0.0673334423084513,0.134666884616903,24600
"248",1.49099186000435,0.0210505704500841,0.0670694473138895,0.134138894627779,24700
"249",1.49684403231525,0.0211278293995925,0.0668072276343477,0.133614455268695,24800
"250",1.5027026415793,0.0212050442751288,0.0665467652967609,0.133093530593522,24900
"251",1.50856770112936,0.0212822152014055,0.066288042575177,0.132576085150354,25000
"252",1.51443922421409,0.0213593423023634,0.066031041986445,0.13206208397289,25100
"253",1.52031722399925,0.0214364257011793,0.0657757462859932,0.131551492571986,25200
"254",1.526201713569,0.021513465520274,0.0655221384636973,0.131044276927395,25300
"255",1.53209270592723,0.021590461881319,0.0652702017398351,0.13054040347967,25400
"256",1.53799021399879,0.0216674149052439,0.0650199195611259,0.130039839122252,25500
"257",1.54389425063074,0.0217443247122439,0.0647712755968525,0.129542551193705,25600
"258",1.54980482859359,0.0218211914217863,0.0645242537350639,0.129048507470128,25700
"259",1.55572196058245,0.0218980151526181,0.0642788380788564,0.128557676157713,25800
"260",1.56164565921823,0.0219747960227724,0.0640350129427317,0.128070025885463,25900
"261",1.5675759370488,0.0220515341495755,0.0637927628490298,0.12758552569806,26000
"262",1.57351280655012,0.0221282296496531,0.0635520725244346,0.127104145048869,26100
"263",1.57945628012733,0.0222048826389377,0.063312926896551,0.126625853793102,26200
"264",1.58540637011585,0.0222814932326744,0.063075311090552,0.126150622181104,26300
"265",1.59136308878246,0.0223580615454276,0.0628392104258928,0.125678420851786,26400
"266",1.59732644832637,0.0224345876910876,0.0626046104130919,0.125209220826184,26500
"267",1.60329646088019,0.0225110717828766,0.0623714967505768,0.124742993501154,26600
"268",1.60927313851102,0.0225875139333548,0.0621398553215925,0.124279710643185,26700
"269",1.61525649322141,0.0226639142544268,0.0619096721911724,0.123819344382345,26800
"270",1.62124653695032,0.0227402728573475,0.0616809336031687,0.123361867206337,26900
"271",1.62724328157414,0.0228165898527281,0.061453625977342,0.122907251954684,27000
"272",1.63324673890759,0.0228928653505418,0.0612277359065083,0.122455471813017,27100
"273",1.63925692070466,0.0229690994601301,0.0610032501537425,0.122006500307485,27200
"274",1.64527383865952,0.0230452922902079,0.060780155649636,0.121560311299272,27300
"275",1.65129750440745,0.0231214439488695,0.0605584394896086,0.121116878979217,27400
"276",1.65732792952565,0.0231975545435945,0.0603380889312721,0.120676177862544,27500
"277",1.66336512553421,0.0232736241812527,0.0601190913918456,0.120238182783691,27600
"278",1.66940910389686,0.0233496529681098,0.0599014344456206,0.119802868891241,27700
"279",1.67545987602187,0.0234256410098332,0.0596851058214745,0.119370211642949,27800
"280",1.68151745326287,0.0235015884114967,0.0594700934004325,0.118940186800865,27900
"281",1.68758184691961,0.0235774952775863,0.059256385213276,0.118512770426552,28000
"282",1.69365306823882,0.0236533617120049,0.0590439694381961,0.118087938876392,28100
"283",1.69973112841497,0.0237291878180779,0.0588328343984921,0.117665668796984,28200
"284",1.70581603859101,0.0238049736985577,0.0586229685603139,0.117245937120628,28300
"285",1.71190780985917,0.0238807194556294,0.0584143605304463,0.116828721060893,28400
"286",1.71800645326166,0.0239564251909156,0.0582069990541353,0.116413998108271,28500
"287",1.72411197979147,0.0240320910054804,0.0580008730129554,0.116001746025911,28600
"288",1.730224400393,0.0241077169998356,0.0577959714227163,0.115591942845433,28700
"289",1.73634372596283,0.0241833032739446,0.057592283431409,0.115184566862818,28800
"290",1.74246996735041,0.0242588499272272,0.0573897983171896,0.114779596634379,28900
"291",1.74860313535872,0.0243343570585646,0.0571885054864008,0.114377010972802,29000
"292",1.75474324074498,0.0244098247663035,0.0569883944716294,0.113976788943259,29100
"293",1.76089029422125,0.0244852531482614,0.0567894549298,0.1135789098596,29200
"294",1.76704430645516,0.0245606423017304,0.0565916766403035,0.113183353280607,29300
"295",1.77320528807051,0.0246359923234818,0.0563950495031593,0.112790099006319,29400
"296",1.77937324964787,0.0247113033097708,0.0561995635372114,0.112399127074423,29500
"297",1.78554820172529,0.0247865753563404,0.0560052088783573,0.112010417756715,29600
"298",1.79173015479881,0.0248618085584265,0.0558119757778084,0.111623951555617,29700
"299",1.79791911932313,0.0249370030107606,0.0556198546003823,0.111239709200765,29800
"300",1.80411510571218,0.025012158807576,0.0554288358228254,0.110857671645651,29900
"301",1.8103181243397,0.0250872760426104,0.0552389100321658,0.110477820064332,30000
"302",1.81652818553982,0.0251623548091104,0.0550500679240951,0.11010013584819,30100
"303",1.82274529960759,0.0252373951998361,0.0548623003013796,0.109724600602759,30200
"304",1.82896947679962,0.0253123973070646,0.0546755980722996,0.109351196144599,30300
"305",1.83520072733452,0.0253873612225937,0.0544899522491156,0.108979904498231,30400
"306",1.84143906139351,0.0254622870377464,0.0543053539465621,0.108610707893124,30500
"307",1.84768448912095,0.0255371748433747,0.0541217943803684,0.108243588760737,30600
"308",1.8539370206248,0.0256120247298631,0.0539392648658036,0.107878529731607,30700
"309",1.86019666597721,0.0256868367871326,0.053757756816249,0.107515513632498,30800
"310",1.86646343521497,0.0257616111046443,0.0535772617417939,0.107154523483588,30900
"311",1.87273733834003,0.0258363477714034,0.0533977712478562,0.106795542495712,31000
"312",1.87901838532,0.0259110468759626,0.0532192770338273,0.106438554067655,31100
"313",1.88530658608861,0.0259857085064258,0.0530417708917396,0.106083541783479,31200
"314",1.89160195054621,0.0260603327504516,0.0528652447049574,0.105730489409915,31300
"315",1.8979044885602,0.0261349196952571,0.0526896904468899,0.10537938089378,31400
"316",1.90421420996555,0.0262094694276209,0.0525151001797268,0.105030200359454,31500
"317",1.91053112456518,0.0262839820338875,0.0523414660531944,0.104682932106389,31600
"318",1.91685524213049,0.0263584575999695,0.0521687803033341,0.104337560606668,31700
"319",1.92318657240174,0.0264328962113519,0.0519970352513001,0.1039940705026,31800
"320",1.92952512508848,0.0265072979530953,0.0518262233021788,0.103652446604358,31900
"321",1.93587090987004,0.0265816629098387,0.0516563369438272,0.103312673887654,32000
"322",1.94222393639588,0.0266559911658034,0.051487368745731,0.102974737491462,32100
"323",1.94858421428607,0.0267302828047963,0.0513193113578818,0.102638622715764,32200
"324",1.95495175313162,0.0268045379102124,0.0511521575096729,0.102304315019346,32300
"325",1.96132656249498,0.0268787565650387,0.0509859000088141,0.101971800017628,32400
"326",1.96770865191034,0.0269529388518568,0.0508205317402632,0.101641063480526,32500
"327",1.97409803088411,0.0270270848528466,0.0506560456651764,0.101312091330353,32600
"328",1.98049470889522,0.0271011946497887,0.0504924348198754,0.100984869639751,32700
"329",1.98689869539557,0.0271752683240681,0.0503296923148318,0.100659384629664,32800
"330",1.99330999981038,0.0272493059566769,0.0501678113336674,0.100335622667335,32900
"331",1.99972863153855,0.027323307628217,0.0500067851321718,0.100013570264344,33000
"332",2.00615459995301,0.0273972734189037,0.0498466070373351,0.0996932140746703,33100
"333",2.01258791440113,0.0274712034085681,0.0496872704463974,0.0993745408927949,33200
"334",2.01902858420503,0.0275450976766602,0.0495287688259123,0.0990575376518246,33300
"335",2.02547661866194,0.0276189563022518,0.0493710957108267,0.0987421914216533,33400
"336",2.03193202704453,0.027692779364039,0.0492142447035746,0.0984284894071491,33500
"337",2.0383948186013,0.0277665669403457,0.0490582094731862,0.0981164189463724,33600
"338",2.04486500255684,0.0278403191091257,0.0489029837544107,0.0978059675088214,33700
"339",2.0513425881122,0.0279140359479655,0.048748561346853,0.097497122693706,33800
"340",2.05782758444524,0.0279877175340875,0.0485949361141247,0.0971898722282494,33900
"341",2.06432000071089,0.0280613639443523,0.0484421019830081,0.0968842039660161,34000
"342",2.07081984604149,0.0281349752552614,0.0482900529426336,0.0965801058852672,34100
"343",2.07732712954714,0.02820855154296,0.0481387830436702,0.0962775660873404,34200
"344",2.08384186031594,0.0282820928832394,0.0479882863975285,0.0959765727950569,34300
"345",2.09036404741435,0.0283555993515396,0.0478385571755761,0.0956771143511521,34400
"346",2.09689369988745,0.0284290710229523,0.0476895896083658,0.0953791792167316,34500
"347",2.10343082675924,0.0285025079722229,0.0475413779848755,0.095082755969751,34600
"348",2.10997543703295,0.0285759102737528,0.0473939166517597,0.0947878333035194,34700
"349",2.11652753969133,0.0286492780016029,0.0472472000126131,0.0944944000252261,34800
"350",2.12308714369688,0.028722611229495,0.0471012225272451,0.0942024450544902,34900
"351",2.12965425799219,0.0287959100308149,0.0469559787109662,0.0939119574219324,35000
"352",2.13622889150019,0.0288691744786144,0.0468114631338844,0.0936229262677688,35100
"353",2.14281105312441,0.0289424046456137,0.0466676704202132,0.0933353408404265,35200
"354",2.14940075174926,0.0290156006042044,0.0465245952475901,0.0930491904951802,35300
"355",2.15599799624029,0.029088762426451,0.0463822323464048,0.0927644646928095,35400
"356",2.16260279544445,0.0291618901840935,0.0462405764991386,0.0924811529982772,35500
"357",2.16921515819036,0.0292349839485501,0.0460996225397133,0.0921992450794266,35600
"358",2.17583509328854,0.0293080437909188,0.0459593653528498,0.0919187307056996,35700
"359",2.18246260953167,0.0293810697819801,0.0458197998734369,0.0916395997468739,35800
"360",2.18909771569484,0.0294540619921992,0.0456809210859091,0.0913618421718182,35900
"361",2.1957404205358,0.0295270204917282,0.045542724023634,0.0910854480472681,36000
"362",2.20239073279517,0.0295999453504077,0.045405203768309,0.090810407536618,36100
"363",2.20904866119671,0.0296728366377701,0.0452683554493666,0.0905367108987331,36200
"364",2.21571421444754,0.0297456944230406,0.0451321742433889,0.0902643484867777,36300
"365",2.22238740123838,0.0298185187751404,0.0449966553735308,0.0899933107470615,36400
"366",2.22906823024375,0.0298913097626876,0.0448617941089516,0.0897235882179031,36500
"367",2.23575671012222,0.0299640674540003,0.0447275857642549,0.0894551715285098,36600
"368",2.24245284951664,0.0300367919170983,0.0445940256989372,0.0891880513978743,36700
"369",2.24915665705433,0.0301094832197049,0.044461109316844,0.0889222186336879,36800
"370",2.25586814134732,0.0301821414292494,0.0443288320656344,0.0886576641312688,36900
"371",2.26258731099253,0.0302547666128686,0.0441971894362533,0.0883943788725066,37000
"372",2.26931417457205,0.0303273588374093,0.0440661769624112,0.0881323539248225,37100
"373",2.27604874065325,0.03039991816943,0.0439357902200719,0.0878715804401438,37200
"374",2.28279101778907,0.0304724446752026,0.0438060248269471,0.0876120496538942,37300
"375",2.28954101451819,0.0305449384207148,0.043676876441999,0.087353752883998,37400
"376",2.29629873936521,0.0306173994716719,0.0435483407649494,0.0870966815298989,37500
"377",2.30306420084088,0.0306898278934983,0.0434204135357966,0.0868408270715931,37600
"378",2.30983740744229,0.03076222375134,0.0432930905343381,0.0865861810686763,37700
"379",2.31661836765303,0.0308345871100659,0.043166367579702,0.0863327351594039,37800
"380",2.32340708994343,0.0309069180342703,0.0430402405298826,0.0860804810597653,37900
"381",2.33020358277071,0.0309792165882737,0.0429147052812853,0.0858294105625706,38000
"382",2.33700785457917,0.0310514828361258,0.0427897577682755,0.0855795155365511,38100
"383",2.3438199138004,0.0311237168416064,0.0426653939627361,0.0853307879254722,38200
"384",2.35063976885341,0.0311959186682277,0.0425416098736293,0.0850832197472585,38300
"385",2.35746742814489,0.0312680883792357,0.042418401546566,0.084836803093132,38400
"386",2.36430290006928,0.0313402260376122,0.0422957650633808,0.0845915301267616,38500
"387",2.37114619300903,0.0314123317060765,0.0421736965417127,0.0843473930834254,38600
"388",2.37799731533474,0.0314844054470869,0.0420521921345919,0.0841043842691838,38700
"389",2.38485627540532,0.0315564473228428,0.0419312480300325,0.083862496060065,38800
"390",2.39172308156819,0.031628457395286,0.0418108604506308,0.0836217209012615,38900
"391",2.39859774215939,0.0317004357261025,0.0416910256531688,0.0833820513063376,39000
"392",2.40548026550383,0.0317723823767242,0.0415717399282239,0.0831434798564478,39100
"393",2.41237065991534,0.0318442974083306,0.0414529995997835,0.082905999199567,39200
"394",2.41926893369693,0.0319161808818502,0.041334801024865,0.08266960204973,39300
"395",2.42617509514091,0.0319880328579624,0.041217140593141,0.0824342811862821,39400
"396",2.43308915252901,0.0320598533970987,0.0411000147265701,0.0822000294531401,39500
"397",2.44001111413259,0.0321316425594449,0.0409834198790318,0.0819668397580635,39600
"398",2.44694098821278,0.032203400404942,0.0408673525359674,0.0817347050719348,39700
"399",2.45387878302059,0.0322751269932882,0.0407518092140255,0.0815036184280509,39800
"400",2.46082450679711,0.0323468223839402,0.0406367864607115,0.0812735729214231,39900
"401",2.46777816777363,0.0324184866361149,0.0405222808540435,0.081044561708087,40000
